_16_17_18,_こちゃれ_小ゼミ_中ゼミ,http://goo.gl/IaaIP0
_16_17_19,_こちゃれ_小ゼミ_高ゼミ,http://goo.gl/APZnRI
_16_18_17,_こちゃれ_中ゼミ_小ゼミ,http://goo.gl/E16E1h
_16_18_19,_こちゃれ_中ゼミ_高ゼミ,http://goo.gl/lyq6XL
_16_19_17,_こちゃれ_高ゼミ_小ゼミ,http://goo.gl/6B05yZ
_16_19_18,_こちゃれ_高ゼミ_中ゼミ,http://goo.gl/p4ver3
_17_16_18,_小ゼミ_こちゃれ_中ゼミ,http://goo.gl/h9fwVs
_17_16_19,_小ゼミ_こちゃれ_高ゼミ,http://goo.gl/uOGaxf
_17_18_16,_小ゼミ_中ゼミ_こちゃれ,http://goo.gl/TKC7cn
_17_18_19,_小ゼミ_中ゼミ_高ゼミ,http://goo.gl/xMZ0f5
_17_19_16,_小ゼミ_高ゼミ_こちゃれ,http://goo.gl/5ont85
_17_19_18,_小ゼミ_高ゼミ_中ゼミ,http://goo.gl/cdjFb4
_18_16_17,_中ゼミ_こちゃれ_小ゼミ,http://goo.gl/n21jlA
_18_16_19,_中ゼミ_こちゃれ_高ゼミ,http://goo.gl/sDRAJg
_18_17_16,_中ゼミ_小ゼミ_こちゃれ,http://goo.gl/lQvXhq
_18_17_19,_中ゼミ_小ゼミ_高ゼミ,http://goo.gl/mcXE4i
_18_19_16,_中ゼミ_高ゼミ_こちゃれ,http://goo.gl/SLAjYe
_18_19_17,_中ゼミ_高ゼミ_小ゼミ,http://goo.gl/8Y17CM
_19_16_17,_高ゼミ_こちゃれ_小ゼミ,http://goo.gl/9QytUU
_19_16_18,_高ゼミ_こちゃれ_中ゼミ,http://goo.gl/K9iB6K
_19_17_16,_高ゼミ_小ゼミ_こちゃれ,http://goo.gl/Fw8WPR
_19_17_18,_高ゼミ_小ゼミ_中ゼミ,http://goo.gl/J7myDG
_19_18_16,_高ゼミ_中ゼミ_こちゃれ,http://goo.gl/RCjHqQ
_19_18_17,_高ゼミ_中ゼミ_小ゼミ,http://goo.gl/3v3UOX
_16_17,_こちゃれ_小ゼミ,http://goo.gl/vOprXJ
_17_16,_小ゼミ_こちゃれ,http://goo.gl/rhL2Is
_16_18,_こちゃれ_中ゼミ,http://goo.gl/l0Q6OH
_18_16,_中ゼミ_こちゃれ,http://goo.gl/Z4lYt7
_16_19,_こちゃれ_高ゼミ,http://goo.gl/K6Ws1Y
_19_16,_高ゼミ_こちゃれ,http://goo.gl/MlFPtB
_18_17,_中ゼミ_小ゼミ,http://goo.gl/CAczRa
_17_18,_小ゼミ_中ゼミ,http://goo.gl/pfU1LD
_19_17,_高ゼミ_小ゼミ,http://goo.gl/X5bGBe
_17_19,_小ゼミ_高ゼミ,http://goo.gl/ZjcFuE
_18_19,_中ゼミ_高ゼミ,http://goo.gl/W6ZGcP
_19_18,_高ゼミ_中ゼミ,http://goo.gl/zOdOY6
_16,_こちゃれ,http://goo.gl/zUFFIZ
_17,_小ゼミ,http://goo.gl/EqdaRf
_18,_中ゼミ,http://goo.gl/w0T7f5
_19,_高ゼミ,http://goo.gl/hoczA0
